2,0,2,6,-,0,2,-,2,0, ,1,1,:,2,7,:,2,4
p,i,n,g
g
N,/,A
F,a,i,l,e,d
2,0,2,6,-,0,2,-,2,0, ,1,1,:,2,7,:,3,0
a,r,p
l,o,c,a,l
6, ,d,e,v,i,c,e,s
C,a,p,t,u,r,e,d
2,0,2,6,-,0,2,-,2,0, ,1,1,:,2,7,:,4,4
n,s,l,o,o,k,u,p
g,i,t,h,u,b,.,c,o,m
1,4,0,.,8,2,.,1,1,4,.,4
S,u,c,c,e,s,s
2,0,2,6,-,0,2,-,2,0, ,1,1,:,3,0,:,3,8
n,s,l,o,o,k,u,p
g,i,t,h,u,b,.,c,o,m
1,4,0,.,8,2,.,1,1,4,.,4
S,u,c,c,e,s,s
2,0,2,6,-,0,2,-,2,0, ,1,1,:,3,4,:,5,3
a,r,p
l,o,c,a,l
6, ,d,e,v,i,c,e,s
C,a,p,t,u,r,e,d
2,0,2,6,-,0,2,-,2,0, ,1,1,:,3,5,:,0,0
p,i,n,g
g,o,o,g,l,e,.,c,o,m
5,.,4,3,1
S,u,c,c,e,s,s
